<annotation>
	<folder>allimages</folder>
	<filename>DSCF2156-1200x675.png</filename>
	<path>C:\Users\amalg\Desktop\CovidApp Detection\RealTimeObjectDetection\Tensorflow\workspace\images\allimages\DSCF2156-1200x675.png</path>
	<source>
		<database>Unknown</database>
	</source>
	<size>
		<width>1200</width>
		<height>675</height>
		<depth>3</depth>
	</size>
	<segmented>0</segmented>
	<object>
		<name>Safe</name>
		<pose>Unspecified</pose>
		<truncated>0</truncated>
		<difficult>0</difficult>
		<bndbox>
			<xmin>472</xmin>
			<ymin>100</ymin>
			<xmax>785</xmax>
			<ymax>242</ymax>
		</bndbox>
	</object>
</annotation>
