<annotation>
	<folder>allimages</folder>
	<filename>unknown (6).png</filename>
	<path>C:\Users\amalg\Desktop\CovidApp Detection\RealTimeObjectDetection\Tensorflow\workspace\images\allimages\unknown (6).png</path>
	<source>
		<database>Unknown</database>
	</source>
	<size>
		<width>792</width>
		<height>686</height>
		<depth>3</depth>
	</size>
	<segmented>0</segmented>
	<object>
		<name>Exposed</name>
		<pose>Unspecified</pose>
		<truncated>0</truncated>
		<difficult>0</difficult>
		<bndbox>
			<xmin>313</xmin>
			<ymin>125</ymin>
			<xmax>515</xmax>
			<ymax>336</ymax>
		</bndbox>
	</object>
</annotation>
