<annotation>
	<folder>allimages</folder>
	<filename>unknown (1).png</filename>
	<path>C:\Users\amalg\Desktop\CovidApp Detection\RealTimeObjectDetection\Tensorflow\workspace\images\allimages\unknown (1).png</path>
	<source>
		<database>Unknown</database>
	</source>
	<size>
		<width>192</width>
		<height>359</height>
		<depth>3</depth>
	</size>
	<segmented>0</segmented>
	<object>
		<name>Safe</name>
		<pose>Unspecified</pose>
		<truncated>0</truncated>
		<difficult>0</difficult>
		<bndbox>
			<xmin>20</xmin>
			<ymin>80</ymin>
			<xmax>130</xmax>
			<ymax>143</ymax>
		</bndbox>
	</object>
</annotation>
