<annotation>
	<folder>allimages</folder>
	<filename>WIN_20210217_14_31_02_Pro.jpg</filename>
	<path>C:\Users\amalg\Desktop\CovidApp Detection\RealTimeObjectDetection\Tensorflow\workspace\images\allimages\WIN_20210217_14_31_02_Pro.jpg</path>
	<source>
		<database>Unknown</database>
	</source>
	<size>
		<width>1280</width>
		<height>720</height>
		<depth>3</depth>
	</size>
	<segmented>0</segmented>
	<object>
		<name>Exposed</name>
		<pose>Unspecified</pose>
		<truncated>0</truncated>
		<difficult>0</difficult>
		<bndbox>
			<xmin>596</xmin>
			<ymin>94</ymin>
			<xmax>928</xmax>
			<ymax>295</ymax>
		</bndbox>
	</object>
</annotation>
